VendorNo,VendorName,TotalSales,SalesQuantity,TotalPurchase,PurchaseQuantity,GrossProfit,ProfitMargin
2,"IRA GOLDMAN AND WILLIAMS, LLP          ",1265.58,42.0,5630.88,328.0,-4365.3,-344.92485658749354
54,AAPER ALCOHOL & CHEMICAL CO,0.0,0.0,105.07,1.0,-105.07,0.0
60,ADAMBA IMPORTS INTL INC    ,67576.22,3978.0,76770.25,4732.0,-9194.029999999999,-13.605422144061919
105,ALTAMAR BRANDS LLC         ,15748.75,325.0,11706.199999999999,332.0,4042.550000000001,25.669021350900874
200,AMERICAN SPIRITS EXCHANGE  ,1719.97,103.0,1205.16,132.0,514.81,29.93133601167462
287,APPOLO VINEYARDS LLC       ,1616.92,108.0,2399.7,230.0,-782.7799999999997,-48.41179526507185
388,ATLANTIC IMPORTING COMPANY ,59272.75,1825.0,41116.32,1847.0,18156.43,30.632002058281422
480,BACARDI USA INC            ,25014556.89,1457301.0,17624378.72,1427075.0,7390178.170000002,29.543510214863538
516,BANFI PRODUCTS CORP        ,2646325.62,221040.0,1628866.68,228103.0,1017458.9400000002,38.44798736445744
653,STATE WINE & SPIRITS   ,2299075.4,157700.0,1529682.04,154092.0,769393.3599999999,33.46533828338122
660,SAZERAC NORTH AMERICA INC. ,4965061.47,493413.0,3537977.55,503931.0,1427083.92,28.742522698314144
1002,BERNIKO LLC                ,16.99,1.0,0.0,0.0,16.99,100.0
1003,BRONCO WINE COMPANY        ,2400.66,334.0,2071.9,433.0,328.75999999999976,13.69456732731831
1128,BROWN-FORMAN CORP          ,18478557.47,983853.0,13529433.08,1006122.0,4949124.389999999,26.783066795310827
1189,BULLY BOY DISTILLERS       ,119484.53,4447.0,117928.22,5382.0,1556.3099999999977,1.30252008356228
1265,BLACK ROCK SPIRITS LLC     ,2049.18,82.0,1152.1,82.0,897.0799999999999,43.77751100440176
1273,CALEDONIA SPIRITS INC      ,278648.38,7162.0,259604.7,8202.0,19043.679999999993,6.834304940154324
1392,CONSTELLATION BRANDS INC   ,24469172.93,2301688.0,15573917.9,2325892.0,8895255.03,36.352904348042465
1439,CAPSTONE INTERNATIONAL     ,246.86999999999998,13.0,54.64,4.0,192.22999999999996,77.86689350670393
1485,CASTLE BRANDS CORP.        ,2307511.25,103675.0,1679383.91,105220.0,628127.3400000001,27.220987113280597
1587,VINEYARD BRANDS INC        ,1845237.53,166244.0,1196162.81,171919.0,649074.72,35.17567302026423
1587,VINEYARD BRANDS LLC        ,4323.96,104.0,10951.51,371.0,-6627.55,-153.27500716935404
1590,DIAGEO CHATEAU ESTATE WINES,2185030.89,190779.0,1365472.83,187841.0,819558.06,37.50784777234888
1601,VRANKEN AMERICA            ,341658.31,13469.0,208330.15,13094.0,133328.16,39.02383056334851
1650,Circa Wines                ,44618.75,2455.0,42554.34,3320.0,2064.4100000000035,4.62677685950414
1655,FABRIZIA SPIRITS LLC       ,396503.92,25508.0,358390.62,28071.0,38113.29999999999,9.61233876325863
1703,ALISA CARR BEVERAGES           ,118167.38,1062.0,34951.68,438.0,83215.70000000001,70.42188800327129
2000,SOUTHERN GLAZERS W&S OF NE ,40440.12,3288.0,40803.92,4198.0,-363.79999999999563,-0.8996016826854015
2000,SOUTHERN WINE & SPIRITS NE ,5729494.21,397696.0,3699813.46,402677.0,2029680.75,35.425129611920845
2242,DELICATO VINEYARDS INC     ,2357727.88,190364.0,1561444.6300000001,192642.0,796283.2499999998,33.773331382076194
2396,BLACK PRINCE DISTILLERY INC,11818.85,1115.0,5971.94,807.0,5846.910000000001,49.471056828710076
2450,DJINN SPIRITS LLC          ,56731.229999999996,2177.0,48830.78,2637.0,7900.449999999997,13.926103840865073
2496,DUGGANS DISTILLED PRODUCTS ,202338.62,15738.0,184296.5,18814.0,18042.119999999995,8.916795024103653
2555,DISARONNO INTERNATIONAL LLC,1725427.16,103394.0,1141947.85,103095.0,583479.3099999998,33.81651358727887
2561,EDRINGTON AMERICAS         ,2632023.96,60304.0,1882832.84,62542.0,749191.1199999999,28.464449085030363
2876,CENTEUR IMPORTS LLC        ,7474.81,619.0,6237.08,771.0,1237.7300000000005,16.558681759135023
3089,SIDNEY FRANK IMPORTING CO  ,2256371.25,188625.0,1715908.8800000001,186464.0,540462.3699999999,23.952723648646025
3252,E & J GALLO WINERY         ,18556085.61,1809023.0,12289608.09,1858260.0,6266477.52,33.77047105572176
3551,GILMANTON WINERY & VINEYARD,3837.6,240.0,5393.04,516.0,-1555.44,-40.53158223889932
3664,WILLIAM GRANT & SONS INC   ,7635828.27,283313.0,5960744.35,302685.0,1675083.92,21.937160721400037
3924,HEAVEN HILL DISTILLERIES   ,3818178.29,342611.0,2816661.94,352348.0,1001516.3500000001,26.23021435701475
3950,"HOOD RIVER DISTILLERS, Inc.",29403.289999999997,1271.0,24035.96,1137.0,5367.329999999998,18.254181759932305
3951,HIGHLAND WINE MERCHANTS LLC,1533.6799999999998,82.0,5500.32,372.0,-3966.64,-258.63543894423873
3960,DIAGEO NORTH AMERICA INC   ,68742416.99,5422703.0,50959796.85,5459788.0,17782620.139999993,25.868482544899233
4380,CHARLES JACQUIN ET CIE INC ,450266.16,43474.0,329637.62,43947.0,120628.53999999998,26.790496536537407
4425,MARTIGNETTI COMPANIES,40992395.93,2578355.0,27821473.91,2637275.0,13170922.02,32.13015907265121
4425,MARTIGNETTI COMPANIES ,54910.37,2963.0,40216.11,3136.0,14694.260000000002,26.760446159805518
4466,AMERICAN VINTAGE BEVERAGE  ,190134.63,14637.0,156357.28,15778.0,33777.350000000006,17.764964751555258
4550,KLIN SPIRITS LLC           ,147675.94,6606.0,103484.29,6840.0,44191.65000000001,29.92474603513613
4692,KOBRAND CORPORATION        ,2840547.87,161920.0,1808146.33,161002.0,1032401.54,36.34515548579718
4848,LAIRD & CO                 ,213108.09,20141.0,203011.58,21422.0,10096.51000000001,4.737741303016704
4901,LAUREATE IMPORTS CO        ,0.0,0.0,140.94,29.0,-140.94,0.0
4950,LATITUDE BEVERAGE COMPANY  ,471551.11,49789.0,316446.76,53090.0,155104.34999999998,32.89237300279072
5083,LOYAL DOG WINERY           ,1111.26,74.0,2320.8,240.0,-1209.5400000000002,-108.84401490200315
5270,MANGO BOTTLING INC         ,244549.25,26875.0,204510.38,28414.0,40038.869999999995,16.372518010175863
5455,MARSALLE COMPANY           ,215253.6,6640.0,185311.19,7158.0,29942.410000000003,13.910294647801477
5612,MILTONS DISTRIBUTING CO    ,2661.69,261.0,1824.18,267.0,837.51,31.465347204219874
5992,MCCORMICK DISTILLING CO    ,385759.72,28998.0,310552.87,29788.0,75206.84999999998,19.495775764250343
6213,MHW LTD                    ,2586254.5,212350.0,1888333.01,215201.0,697921.49,26.98580089469153
6215,MOONLIGHT MEADERY          ,95208.77,7123.0,71357.59,7967.0,23851.180000000008,25.05145271806369
6280,UNCORKED       ,1124.3799999999999,62.0,2966.31,243.0,-1841.93,-163.81739269641938
6355,NICHE W & S                ,114938.95999999999,10404.0,111031.77,9277.0,3907.189999999988,3.399360843355454
6359,OLE SMOKY DISTILLERY LLC   ,498686.6,106890.0,387622.69,110162.0,111063.90999999997,22.271284209361145
6785,PALM BAY INTERNATIONAL INC ,4025063.52,373092.0,2693984.33,375697.0,1331079.19,33.06976854864641
6830,PARK STREET IMPORTS LLC    ,77594.47,3503.0,69459.42,4349.0,8135.050000000003,10.484058979976282
7153,PINE STATE TRADING CO      ,4647517.08,416859.0,3129071.59,424427.0,1518445.4900000002,32.6721874037739
7154,PREMIER DISTRIBUTORS       ,109091.34,5566.0,84530.87,5916.0,24560.47,22.51367523764948
7239,REMY COINTREAU USA INC     ,4294875.05,135195.0,3354958.2800000003,142363.0,939916.7699999996,21.884612685065182
7240,"PREMIUM PORT WINES, INC.   ",86057.76,8024.0,59760.740000000005,8167.0,26297.01999999999,30.557407025235133
7245,PROXIMO SPIRITS INC.       ,10516246.86,667654.0,7588029.9,682042.0,2928216.959999999,27.844695916542978
7255,PSP WINES ,171646.56,14594.0,128895.69,16493.0,42750.869999999995,24.906336602376417
7749,R.P.IMPORTS INC            ,54266.62,1038.0,18776.87,498.0,35489.75,65.39885845110678
8004,SAZERAC CO INC             ,13250928.19,1385046.0,9916770.26,1417727.0,3334157.9299999997,25.161693446623378
8112,MOET HENNESSY USA INC      ,13546931.06,424251.0,9472995.2,427867.0,4073935.8600000013,30.07275848645236
8150,SEA HAGG DISTILLERY LLC    ,213422.4,13160.0,188044.46,15412.0,25377.940000000002,11.890944905501954
8320,SHAW ROSS INT L IMP LTD    ,856945.64,68146.0,624979.64,69127.0,231966.0,27.068928199459652
8352,LUXCO INC                  ,2826287.77,286953.0,2051436.01,283260.0,774851.76,27.415883415155562
8663,STAR INDUSTRIES INC.       ,7914.719999999999,428.0,2452.29,151.0,5462.429999999999,69.01608648189702
8664,"STOLI GROUP,(USA) LLC      ",4663847.6,272010.0,3666478.72,314035.0,997368.8799999994,21.385108724393127
8673,STE MICHELLE WINE ESTATES  ,4903385.9,418674.0,3086650.7,419822.0,1816735.2000000002,37.05062658845595
8735,SURVILLE ENTERPRISES CORP  ,80444.85,6515.0,51325.77,6504.0,29119.08000000001,36.19756889347175
8892,TRINCHERO FAMILY ESTATES   ,3467869.81,346725.0,2252211.31,352526.0,1215658.5,35.05490593950527
8920,TAKARA SAKE USA INC        ,64082.97,8973.0,45289.34,9066.0,18793.630000000005,29.32702713372992
9099,TRUETT HURST               ,14.99,1.0,236.64,24.0,-221.64999999999998,-1478.6524349566375
9165,ULTRA BEVERAGE COMPANY LLP ,17822938.45,1043235.0,13210613.93,1077527.0,4612324.52,25.87858636744605
9206,PHILLIPS PRODUCTS CO.      ,600363.7,43680.0,430945.89,40054.0,169417.80999999994,28.21919613061215
9260,TY KU LLC                  ,44141.6,2490.0,38921.47,3003.0,5220.129999999997,11.82587400547329
9552,M S WALKER INC             ,15465247.75,1343481.0,10935817.3,1372841.0,4529430.449999999,29.287797539486554
9622,WEIN BAUER INC             ,56930.229999999996,2867.0,43517.0,3014.0,13413.229999999996,23.56082172863169
9625,WESTERN SPIRITS BEVERAGE CO,443217.71,49379.0,361249.21,56860.0,81968.5,18.493958646192183
9710,WHYTE & MACKAY             ,31.98,2.0,0.0,0.0,31.98,100.0
9744,FREDERICK WILDMAN & SONS   ,1143044.57,69327.0,759449.24,70932.0,383595.3300000001,33.55908772656171
9751,VINEDREA WINES LLC         ,11385.6,440.0,4657.6,205.0,6728.0,59.092186621697586
9815,WINE GROUP INC             ,8341165.72,869054.0,5258636.79,888385.0,3082528.9299999997,36.9556130818607
9819,TREASURY WINE ESTATES      ,4740218.38,495308.0,2978686.4,497770.0,1761531.98,37.16140985048879
10000,MAJESTIC FINE WINES        ,5375429.09,433515.0,3506668.63,446119.0,1868760.46,34.764861161995164
10050,Russian Standard Vodka     ,139327.43,15207.0,138907.27,12798.0,420.1600000000035,0.30156301598328733
10754,PERFECTA WINES             ,7825504.16,512750.0,5665501.53,553116.0,2160002.63,27.602089090193516
11567,CAMPARI AMERICA            ,5610527.4399999995,490456.0,4141720.71,501284.0,1468806.7299999995,26.179476808690193
12331,STELLAR IMPORTING CO LLC   ,35480.63,2987.0,24560.08,3104.0,10920.549999999996,30.778906687959022
12546,JIM BEAM BRANDS COMPANY    ,31906320.54,2630226.0,24203151.05,2737165.0,7703169.489999998,24.143083124682978
17031,FLAG HILL WINERY & VINEYARD,411807.12,20788.0,300403.2,20608.0,111403.91999999998,27.052451157231083
17032,JEWELL TOWNE VINEYARDS     ,85230.81999999999,6318.0,54332.37,6630.0,30898.44999999999,36.252672448769104
17033,SEA BREEZE CELLARS LLC     ,149564.94,7106.0,108948.09,8473.0,40616.850000000006,27.156665191722073
17035,PERNOD RICARD USA          ,32281247.95,1613460.0,24124091.56,1647558.0,8157156.390000001,25.269024303628264
17037,Dunn Wine Brokers          ,83061.33,4117.0,72055.3,5448.0,11006.029999999999,13.250486116704366
28750,SMOKY QUARTZ DISTILLERY LLC,76449.11,2739.0,69803.71,3197.0,6645.399999999994,8.69257993977954
28776,TALL SHIP DISTILLERY LLC   ,49533.14,1786.0,48445.58,2236.0,1087.5599999999977,2.195620951952567
90010,VINEXTRA INC               ,141335.79,8021.0,102639.51,8530.0,38696.28000000001,27.378967492947126
90011,FORTUNE WINE BROKERS LLC   ,72952.93,4707.0,46940.17,5072.0,26012.759999999995,35.656909187883194
90017,THE IMPORTED GRAPE LLC     ,22179.739999999998,1736.0,16093.77,2280.0,6085.9699999999975,27.439320749476764
90024,VINILANDIA USA             ,826960.0499999999,57335.0,548855.37,59428.0,278104.67999999993,33.62975998659185
90026,SILVER MOUNTAIN CIDERS     ,381.48,52.0,77.17999999999999,17.0,304.3,79.76827094474153
90027,POVERTY LANE ORCHARDS      ,73642.09,6341.0,45269.01,5872.0,28373.079999999994,38.52834703632121
90032,LABELLE VYDS AND WINERY    ,203067.7,12430.0,146839.55,12855.0,56228.15000000002,27.68936172517836
90033,FANTASY FINE WINES CORP    ,327.59000000000003,41.0,128.64,24.0,198.95000000000005,60.73140205744987
90034,EXCLUSIVE WINES & SPIRITS  ,55.98,2.0,0.0,0.0,55.98,100.0
90037,THE PIERPONT GROUP LLC     ,17937.21,1079.0,5713.19,580.0,12224.02,68.14894847080456
90046,CANDIA VINEYARDS           ,52623.33,2567.0,36588.01,2609.0,16035.32,30.471883858357117
90047,CRUSH WINES                ,420237.07,25333.0,287189.9,26349.0,133047.16999999998,31.660027041403076
90051,FULCHINO VINEYARD INC      ,14441.64,836.0,11147.77,949.0,3293.869999999999,22.808143673433204
90052,HAUNTING WHISPER VYDS      ,7325.89,611.0,5388.58,669.0,1937.3100000000004,26.44470501195077
90053,INCREDIBREW INC            ,35508.52,2698.0,24525.84,2786.0,10982.679999999997,30.92970363169177
90056,SWEET BABY VINEYARD        ,184253.27,14773.0,140577.9,16805.0,43675.369999999995,23.703986366157842
90057,WALPOLE MTN VIEW WINERY    ,11483.88,662.0,9292.31,805.0,2191.5699999999997,19.08388105762164
90058,ZORVINO VINEYARDS          ,124189.59,10141.0,86122.71,10550.0,38066.87999999999,30.652230996172857
90059,BLACK COVE BEVERAGES       ,6256.87,313.0,14465.06,919.0,-8208.189999999999,-131.1868394261028
98450,Serralles Usa LLC          ,204150.93,10607.0,168993.61,10463.0,35157.32000000001,17.221239207678362
99166,STARK BREWING COMPANY      ,25371.54,846.0,25961.04,1212.0,-589.5,-2.3234695253027606
172662,SWEETWATER FARM         ,35049.63,1237.0,34708.03,1629.0,341.59999999999854,0.9746179916877826
173357,TAMWORTH DISTILLING        ,40021.119999999995,1488.0,41036.44,1990.0,-1015.320000000007,-2.5369604848640095
201359,FLAVOR ESSENCE INC         ,1474.4099999999999,59.0,17.0,1.0,1457.4099999999999,98.84699642568891
